{"cameraMode":{"drawMode":0,"name":"Shaded","section":"Shading Mode"},"sceneLighting":false,"audioPlay":false,"sceneViewState":{"m_AlwaysRefresh":false,"showFog":true,"showSkybox":false,"showFlares":true,"showImageEffects":true,"showParticleSystems":true,"showVisualEffectGraphs":true,"m_FxEnabled":true},"in2DMode":false,"pivot":{"x":0.0000013709068298339844,"y":0.5127285718917847,"z":0.0000015497207641601563},"rotation":{"x":0.2886698544025421,"y":-0.5289904475212097,"z":0.19748802483081819,"w":0.7732124328613281},"size":1.2559258937835694,"orthographic":false}