{"cameraMode":{"drawMode":0,"name":"Shaded","section":"Shading Mode"},"sceneLighting":true,"audioPlay":false,"sceneViewState":{"m_AlwaysRefresh":false,"showFog":true,"showSkybox":true,"showFlares":true,"showImageEffects":true,"showParticleSystems":true,"showVisualEffectGraphs":true,"m_FxEnabled":true},"in2DMode":false,"pivot":{"x":-2.4955639839172365,"y":1.0220866203308106,"z":-47.25220489501953},"rotation":{"x":-0.0033072910737246277,"y":0.03659021109342575,"z":-0.00011931190238101408,"w":-0.9993298053741455},"size":36.55479431152344,"orthographic":false}