{"cameraMode":{"drawMode":0,"name":"Shaded","section":"Shading Mode"},"sceneLighting":true,"audioPlay":false,"sceneViewState":{"m_AlwaysRefresh":false,"showFog":true,"showSkybox":true,"showFlares":true,"showImageEffects":true,"showParticleSystems":true,"showVisualEffectGraphs":true,"m_FxEnabled":true},"in2DMode":false,"pivot":{"x":-14.905592918395996,"y":42.40928268432617,"z":-92.29107666015625},"rotation":{"x":-0.061731819063425067,"y":0.03652241453528404,"z":-0.002221218543127179,"w":-0.9974786639213562},"size":1.748819351196289,"orthographic":false}