{"cameraMode":{"drawMode":0,"name":"Shaded","section":"Shading Mode"},"sceneLighting":false,"audioPlay":false,"sceneViewState":{"m_AlwaysRefresh":false,"showFog":true,"showSkybox":false,"showFlares":true,"showImageEffects":true,"showParticleSystems":true,"showVisualEffectGraphs":true,"m_FxEnabled":true},"in2DMode":false,"pivot":{"x":-2.9802322387695315e-8,"y":0.1472964882850647,"z":8.940696716308594e-8},"rotation":{"x":0.2886698544025421,"y":-0.5289904475212097,"z":0.19748802483081819,"w":0.7732124328613281},"size":0.4943932294845581,"orthographic":false}